fullreference;reference;usage
7572214AB;7572214;105PAS
7561835AB;7561835;105PAS
7572242AC;7572242;105PAS
7440781AA;7440781;105PAS
7622786AB;7622786;105PAS
7710696AB;7710696;105PAS
7440782AA;7440782;105PAS
7622813AB;7622813;105PAS
7622785AB;7622785;105PAS
7221259AA;7221259;105PAS
7221260AA;7221260;105PAS
7221284AA;7221284;105PAS
7221285AA;7221285;105PAS
7160112AA;7160112;105PAS
7322147AA;7322147;105PAS
7573252AA;7573252;105PAS
7221286AA;7221286;105PAS
7221251AA;7221251;105PAS
7561636AA;7561636;105PAS
7561637AA;7561637;105PAS
7561638AA;7561638;105PAS
7561639AA;7561639;105PAS
7561640AA;7561640;105PAS
7561738AA;7561738;105PAS
7561739AA;7561739;105PAS
7561740AA;7561740;105PAS
7561741AA;7561741;105PAS
7561742AA;7561742;105PAS
7561899AA;7561899;105PAS
7562025AA;7562025;105PAS
7572718AA;7572718;105PAS
7572719AA;7572719;105PAS
7230632AA;7230632;105PAS
7572706AA;7572706;105PAS
7622777AC;7622777;105PAS
7622775AC;7622775;105PAS
7622781AB;7622781;105PAS
7622772AC;7622772;105PAS
7622776AC;7622776;105PAS
7622782AD;7622782;105PAS
7990727AA;7990727;105PAS
7572704AA;7572704;105PAS
7622783AB;7622783;105PAS
7331752AA;7331752;105PAS
7573223AA;7573223;105PAS
7573224AA;7573224;105PAS
7573226AA;7573226;105PAS
7573227AA;7573227;105PAS
7622784AB;7622784;105PAS
7572241AB;7572241;105PAS
7622778AB;7622778;105PAS
7573225AA;7573225;105PAS
7622774AC;7622774;105PAS
7622787AB;7622787;105PAS
7622773AC;7622773;105PAS
7622779AC;7622779;105PAS
7622780AB;7622780;105PAS
7623061AA;7623061;105PAS
7623062AA;7623062;105PAS
7623063AA;7623063;105PAS
7623065AA;7623065;105PAS
7572219AA;7572219;105PAS
7221252AA;7221252;105PAS
7221253AA;7221253;105PAS
7221254AA;7221254;105PAS
7221255AA;7221255;105PAS
7221256AA;7221256;105PAS
7221257AA;7221257;105PAS
7221258AA;7221258;105PAS
7221250AA;7221250;105PAS
7710710AA;7710710;105MOD
7622685AA;7622685;105MOD
7622686AA;7622686;105MOD
7680605AA;7680605;105MOD
7622811AA;7622811;105MOD
7622812AA;7622812;105MOD
7623073AA;7623073;105MOD
7411574AA;7411574;105MOD
7331707AA;7331707;105MOD
7622735AB;7622735;105MOD
7622736AC;7622736;105MOD
7622737AC;7622737;105MOD
7680633AA;7680633;105MOD
7210692AA;7210692;105MOD
7561641AA;7561641;105MOD
7561716AA;7561716;105MOD
7561780AA;7561780;105MOD
7561969AA;7561969;105MOD
7622717AD;7622717;105MOD
7411566AA;7411566;105MOD
7561635AA;7561635;105MOD
7561966AA;7561966;105MOD
7622715AB;7622715;105MOD
7561621AA;7561621;105MOD
7572351AB;7572351;105MOD
7622733AC;7622733;105MOD
7561622AA;7561622;105MOD
7622734AC;7622734;105MOD
7561783AA;7561783;105MOD
7561642AA;7561642;105MOD
7561713AA;7561713;105MOD
7572432TA;7572432;105MOD
7680600AC;7680600;105MOD
7322146AA;7322146;105CPM
7561631AA;7561631;105CPM
7561632AA;7561632;105CPM
7561633AA;7561633;105CPM
7561656AA;7561656;105CPM
7561880AA;7561880;105CPM
7572346AB;7572346;105CPM
7572347AB;7572347;105CPM
7572348AB;7572348;105CPM
7572349AB;7572349;105CPM
7572431AA;7572431;105CPM
7622716AC;7622716;105CPM
7710710AA;7710710;105CPM
7561630AA;7561630;105CPM
7331850AA;7331850;105LV
7920239AG;7920239;105LV
7230636AA;7230636;105LV
7680252AA;7680252;105LV
7990728AA;7990728;105LV
7990730AA;7990730;105LV
7622972AB;7622972;105LV
7221284AA;7221284;105LV
7221253AA;7221253;105LV
7221257AA;7221257;105LV
7221254AA;7221254;105LV
7221256AA;7221256;105LV
7221258AA;7221258;105LV
7622765AB;7622765;105LV
7221255AA;7221255;105LV
7221252AA;7221252;105LV
7221250AA;7221250;105LV
7622974AB;7622974;105LV
7622943AA;7622943;105LV
7411574AA;7411574;105LV
7572942AA;7572942;105LV
7561864AA;7561864;105LV
7561882AA;7561882;105LV
7561929AA;7561929;105LV
7562006AA;7562006;105LV
7561899AA;7561899;105LV
7561891AA;7561891;105LV
7561881AA;7561881;105LV
7561962AA;7561962;105LV
7561840AA;7561840;105LV
7561855AA;7561855;105LV
7561965AA;7561965;105LV
7561843AA;7561843;105LV
7622970AB;7622970;105LV
7622971AB;7622971;105LV
7710683AA;7710683;105LV
7573030AA;7573030;105LV
7573150AA;7573150;105LV
7990731AA;7990731;105HV
7990696AA;7990696;105HV
7990697AA;7990697;105HV
7920200AA;7920200;105HV
7990638AB;7990638;105HV
7990723AA;7990723;105HV
7680765AA;7680765;105HV
7680766AA;7680766;105HV
7322156AA;7322156;105HV
7573032AA;7573032;105HV
7680764AA;7680764;105HV
7680254AA;7680254;105HV
7622911AA;7622911;105HV
7622907AA;7622907;105HV
7622912AA;7622912;105HV
7622908AA;7622908;105HV
7622910AA;7622910;105HV
7622905AA;7622905;105HV
7622906AA;7622906;105HV
7990705AA;7990705;105HV
7990729AA;7990729;105HV
7990730AA;7990730;105HV
7622902AA;7622902;105HV
7573034AA;7573034;105HV
7573035AA;7573035;105HV
7622811AA;7622811;105HV
7622812AA;7622812;105HV
7210692AA;7210692;105HV
7990648AA;7990648;105HV
7221358AA;7221358;105HV
7221282AA;7221282;105HV
7680607AA;7680607;105HV
7221287AA;7221287;105HV
7572705AA;7572705;105HV
7680657AA;7680657;105HV
7221253AA;7221253;105HV
7221254AA;7221254;105HV
7221256AA;7221256;105HV
7221257AA;7221257;105HV
7221258AA;7221258;105HV
7221250AA;7221250;105HV
7221252AA;7221252;105HV
7221255AA;7221255;105HV
7680610AA;7680610;105HV
7990725AA;7990725;105HV
7680606AA;7680606;105HV
7680613AA;7680613;105HV
7680760AA;7680760;105HV
7411574AA;7411574;105HV
7573040AA;7573040;105HV
7680609AA;7680609;105HV
7680604AA;7680604;105HV
7561903AA;7561903;105HV
7561909AA;7561909;105HV
7561910AA;7561910;105HV
7990720AA;7990720;105HV
7550291AA;7550291;105HV
7561621AA;7561621;105HV
7561692AA;7561692;105HV
7561693AA;7561693;105HV
7561713AA;7561713;105HV
7561780AA;7561780;105HV
7561783AA;7561783;105HV
7561922AA;7561922;105HV
7561966AA;7561966;105HV
7561971AA;7561971;105HV
7561715AA;7561715;105HV
7561902AA;7561902;105HV
7561633AA;7561633;105HV
7561716AA;7561716;105HV
7561781AA;7561781;105HV
7561969AA;7561969;105HV
7561970AA;7561970;105HV
7573039AA;7573039;105HV
7561964AA;7561964;105HV
7562007AA;7562007;105HV
7562008AA;7562008;105HV
7331715AA;7331715;105HV
7561691AA;7561691;105HV
7680759AA;7680759;105HV
7573033AA;7573033;105HV
7680608AA;7680608;105HV
7622904AA;7622904;105HV
7622903AB;7622903;105HV
7990639AA;7990639;105HV
7622981AA;7622981;105HV
7622901AA;7622901;105HV
7622909AA;7622909;105HV
7680611AA;7680611;105HV
7730173AA;7730173;105HV
7730174AA;7730174;105HV
7730175AA;7730175;105HV
7331994AA;7331994;105HV
7573037AA;7573037;105HV
7573038AA;7573038;105HV
7573332AA;7573332;105HV
7572217AA;7572217;105LAY
7572215AA;7572215;105LAY
7572163AA;7572163;105LAY
7572162AA;7572162;105LAY
7561993AA;7561993;105LAY
7920243AB;7920243;105LAY
7920244AB;7920244;105LAY
7920245AB;7920245;105LAY
7331678TA;7331678;105LAY
7572790AA;7572790;525PAS
7572791AA;7572791;525PAS
7572880AA;7572880;525PAS
7622969AA;7622969;525PAS
7622968AA;7622968;525PAS
7221374AA;7221374;525PAS
7331741AA;7331741;525PAS
7221345AA;7221345;525PAS
7221329AA;7221329;525PAS
7221256AA;7221256;525PAS
7221258AA;7221258;525PAS
7221250AA;7221250;525PAS
7440798AA;7440798;525PAS
7440799AA;7440799;525PAS
7450096AA;7450096;525PAS
7440800AA;7440800;525PAS
7221251AA;7221251;525PAS
7561831AA;7561831;525PAS
7561837AA;7561837;525PAS
7561838AA;7561838;525PAS
7561840AA;7561840;525PAS
7561841AA;7561841;525PAS
7561858AA;7561858;525PAS
7561898AA;7561898;525PAS
7561899AA;7561899;525PAS
7561900AA;7561900;525PAS
7561901AA;7561901;525PAS
7561903AA;7561903;525PAS
7561960AA;7561960;525PAS
7561961AA;7561961;525PAS
7561963AA;7561963;525PAS
7562005AA;7562005;525PAS
7572885AA;7572885;525PAS
7230632AA;7230632;525PAS
7990727AA;7990727;525PAS
7572881AA;7572881;525PAS
7622965AA;7622965;525PAS
7622966AA;7622966;525PAS
7331752AA;7331752;525PAS
7622967AA;7622967;525PAS
7572966AA;7572966;525PAS
7710711AA;7710711;525PAS
7623061AA;7623061;525PAS
7221260AA;7221260;525PAS
7680739AB;7680739;525MOD
7331894TA;7331894;525MOD
7331893TA;7331893;525MOD
7680738AA;7680738;525MOD
7680736AA;7680736;525MOD
7680737AA;7680737;525MOD
7622715AB;7622715;525MOD
7622939AA;7622939;525MOD
7622977AA;7622977;525MOD
7622979AA;7622979;525MOD
7622978AA;7622978;525MOD
7622976AA;7622976;525MOD
7622936AA;7622936;525MOD
7622937AA;7622937;525MOD
7221378AA;7221378;525MOD
7680600AC;7680600;525MOD
7623084AA;7623084;525MOD
7331961TA;7331961;525MOD
7411566AA;7411566;525MOD
7561832AA;7561832;525MOD
7561836AA;7561836;525MOD
7561850AA;7561850;525MOD
7561864AA;7561864;525MOD
7561887AA;7561887;525MOD
7561897AA;7561897;525MOD
7561898AA;7561898;525MOD
7561968AA;7561968;525MOD
7562016AA;7562016;525MOD
7561888AA;7561888;525MOD
7561889AA;7561889;525MOD
7561997AA;7561997;525MOD
7680740AB;7680740;525MOD
7331892TA;7331892;525MOD
7561994AA;7561994;525MOD
7572351AB;7572351;525MOD
7573344TA;7573344;525MOD
7990696AA;7990696;525HV
7990697AA;7990697;525HV
7920200AA;7920200;525HV
7990638AB;7990638;525HV
7331870AA;7331870;525HV
7990699AA;7990699;525HV
7990723AA;7990723;525HV
7680747AA;7680747;525HV
7680749AA;7680749;525HV
7990731AA;7990731;525HV
7221374AA;7221374;525HV
7990732AA;7990732;525HV
7622964AA;7622964;525HV
7622963AA;7622963;525HV
7622975AA;7622975;525HV
7990724AA;7990724;525HV
7230636AA;7230636;525HV
7990705AA;7990705;525HV
7623083AA;7623083;525HV
7331833AA;7331833;525HV
7221376AA;7221376;525HV
7221287AA;7221287;525HV
7680657AA;7680657;525HV
7331857AA;7331857;525HV
7623082AA;7623082;525HV
7221253AA;7221253;525HV
7221254AA;7221254;525HV
7221256AA;7221256;525HV
7221258AA;7221258;525HV
7221252AA;7221252;525HV
7221255AA;7221255;525HV
7622943AA;7622943;525HV
7990700AB;7990700;525HV
7680748AA;7680748;525HV
7680741AA;7680741;525HV
7680742AA;7680742;525HV
7680745AB;7680745;525HV
7680743AA;7680743;525HV
7411574AA;7411574;525HV
7680744AA;7680744;525HV
7572879AA;7572879;525HV
7561965AA;7561965;525HV
7561850AA;7561850;525HV
7561855AA;7561855;525HV
7561864AA;7561864;525HV
7561886AA;7561886;525HV
7561891AA;7561891;525HV
7561923AA;7561923;525HV
7561968AA;7561968;525HV
7561840AA;7561840;525HV
7561881AA;7561881;525HV
7561962AA;7561962;525HV
7561890AA;7561890;525HV
7561880AA;7561880;525HV
7561888AA;7561888;525HV
7561843AA;7561843;525HV
7561849AA;7561849;525HV
7561883AA;7561883;525HV
7561884AA;7561884;525HV
7561967AA;7561967;525HV
7561889AA;7561889;525HV
7561885AA;7561885;525HV
7561887AA;7561887;525HV
7561916AA;7561916;525HV
7572862AA;7572862;525HV
7572860AA;7572860;525HV
7572863AA;7572863;525HV
7572990AA;7572990;525HV
7622980AA;7622980;525HV
7572859AA;7572859;525HV
7572858AA;7572858;525HV
7710690AA;7710690;525HV
7710689AA;7710689;525HV
7622962AA;7622962;525HV
7622961AA;7622961;525HV
7670042AA;7670042;525CPM
7572793AA;7572793;525CPM
7561897AA;7561897;525CPM
7561898AA;7561898;525CPM
7710711AA;7710711;525CPM
7710687AA;7710687;525CPM
7572792AA;7572792;525CPM
7562041AA;7562041;525CPM
7572809AA;7572809;525LAY
7572163AA;7572163;525LAY
7561993AA;7561993;525LAY
7572162AA;7572162;525LAY
7920243AA;7920243;525LAY
7920245AA;7920245;525LAY
7920244AA;7920244;525LAY
7331678TA;7331678;525LAY
7221374AA;7221374;525LV
7331850AA;7331850;525LV
7920239AG;7920239;525LV
7680252AA;7680252;525LV
7622972AB;7622972;525LV
7221377AA;7221377;525LV
7221253AA;7221253;525LV
7221254AA;7221254;525LV
7221256AA;7221256;525LV
7221258AA;7221258;525LV
7622765AB;7622765;525LV
7221252AA;7221252;525LV
7221255AA;7221255;525LV
7622974AB;7622974;525LV
7622943AA;7622943;525LV
7411574AA;7411574;525LV
7561855AA;7561855;525LV
7561881AA;7561881;525LV
7561882AA;7561882;525LV
7561891AA;7561891;525LV
7561929AA;7561929;525LV
7561965AA;7561965;525LV
7562006AA;7562006;525LV
7561840AA;7561840;525LV
7561864AA;7561864;525LV
7561962AA;7561962;525LV
7572882AA;7572882;525LV
7710683AA;7710683;525LV
7622970AB;7622970;525LV
7622971AB;7622971;525LV
7572942AA;7572942;525LV
7561843AA;7561843;525LV
7561899AA;7561899;525LV
7230636AA;7230636;525LV
7572884AA;7572884;525LV
4159901AA;4159901;Takt8
4159905AA;4159905;Takt6
4159902AA;4159902;Takt5
4159915AA;4159915;Takt2
4159909AA;4159909;Takt0
7680134AA;7680134;welding
7680135AA;7680135;welding
7680136AB;7680136;welding
7680137AB;7680137;welding
7680138AB;7680138;welding
7680144AA;7680144;MOD
7680190AA;7680190;MOD
4159944AA;4159944;Pre-assemblytakt0
7331743AA;7331743;supplier
NP0002798;NP00027;supplier
7560876AA;7560876;Takt1
7560929AA;7560929;Pre-assemblytakt0
7560930AA;7560930;Takt1
7572315AA;7572315;Takt1
7572316AA;7572316;Takt1
7680171AA;7680171;Takt0
7710558AA;7710558;Takt0
4159916AA;4159916;Takt2
4159909AA;4159909;Takt0
7680134AA;7680134;welding
7680135AA;7680135;welding
7680136AB;7680136;welding
7680137AB;7680137;welding
7680138AB;7680138;welding
7680144AA;7680144;MOD
7680190AA;7680190;MOD
4159945AA;4159945;Pre-assemblytakt0
7331743AA;7331743;supplier
NP0002766;NP00027;supplier
7560876AA;7560876;Takt1
7560929AA;7560929;Pre-assemblytakt0
7560930AA;7560930;Takt1
7572315AA;7572315;Takt1
7572316AA;7572316;Takt1
7680171AA;7680171;Takt0
7710558AA;7710558;Takt0
4159917AA;4159917;Takt2
4159909AA;4159909;Takt0
7680134AA;7680134;welding
7680135AA;7680135;welding
7680136AB;7680136;welding
7680137AB;7680137;welding
7680138AB;7680138;welding
7680144AA;7680144;MOD
7680190AA;7680190;MOD
4159945AA;4159945;Pre-assemblytakt0
7331743AA;7331743;supplier
NP0002766;NP00027;supplier
7560876AA;7560876;Takt1
7560929AA;7560929;Pre-assemblytakt0
7560930AA;7560930;Takt1
7572315AA;7572315;Takt1
7572316AA;7572316;Takt1
7680171AA;7680171;Takt0
7710558AA;7710558;Takt0
4159918AA;4159918;Takt2
4159909AA;4159909;Takt0
7680134AA;7680134;welding
7680135AA;7680135;welding
7680136AB;7680136;welding
7680137AB;7680137;welding
7680138AB;7680138;welding
7680144AA;7680144;MOD
7680190AA;7680190;MOD
4159944AA;4159944;Pre-assemblytakt0
7331743AA;7331743;supplier
NP0002798;NP00027;supplier
7560876AA;7560876;Takt1
7560929AA;7560929;Pre-assemblytakt0
7560930AA;7560930;Takt1
7572315AA;7572315;Takt1
7572316AA;7572316;Takt1
7680171AA;7680171;Takt0
7710558AA;7710558;Takt0
4159912AA;4159912;Takt2
7572152AA;7572152;Pré-assemblytakt2
NP0002799;NP00027;supplier
NP0002808;NP00028;supplier
7331694AA;7331694;Pré-assemblytakt2
7331695AA;7331695;Pré-assemblytakt2
7680154AA;7680154;Pré-assemblytakt2
NP0002804;NP00028;Pré-assemblytakt2
7560876AA;7560876;Pré-assemblytakt2
4159913AA;4159913;Takt2
7572153AA;7572153;Pré-assemblytakt2
NP0002800;NP00028;supplier
NP0002808;NP00028;supplier
7331694AA;7331694;Pré-assemblytakt2
7331695AA;7331695;Pré-assemblytakt2
7680154AA;7680154;Pré-assemblytakt2
NP0002804;NP00028;Pré-assemblytakt2
7560876AA;7560876;Pré-assemblytakt2
4159914AA;4159914;Takt2
7572154AA;7572154;Pré-assemblytakt2
NP0002801;NP00028;supplier
NP0002808;NP00028;supplier
7331694AA;7331694;Pré-assemblytakt2
7331695AA;7331695;Pré-assemblytakt2
7680154AA;7680154;Pré-assemblytakt2
NP0002804;NP00028;Pré-assemblytakt2
7560876AA;7560876;Pré-assemblytakt2
4159937AA;4159937;Takt4
7440605AA;7440605;Pré-assemblytakt4
7561591AA;7561591;Pré-assemblytakt4
4159947AA;4159947;Takt5
7572311AA;7572311;Pré-assemblytakt5
7680718AA;7680718;Pré-assemblytakt5
4155324AA;4155324;Takt4
7621811AA;7621811;E-travers
7621960AA;7621960;E-travers
7622099AA;7622099;E-travers
4155912AA;4155912;Pré-assemblytakt2
7622668AA;7622668;takt4
7910308AA;7910308;Pré-assemblytakt2
4157312AA;4157312;takt2
7621811AA;7621811;Supplier
7621873AA;7621873;Supplier
7622650AA;7622650;Supplier
7622680AA;7622680;Supplier
7680300AA;7680300;Supplier
7572310AA;7572310;takt1
NP0002806;NP00028;Supplier
7572325AA;7572325;takt2
NP0002818;NP00028;Supplier
7572327AA;7572327;Takt2
NP0002816;NP00028;Supplier
7572343AA;7572343;Slaveflashing
NP0002846;NP00028;Supplier
NP0003231;NP00032;Supplier
7572344AA;7572344;Slaveflashing
NP0002845;NP00028;Supplier
NP0003231;NP00032;Supplier
7920169AA;7920169;Slaveflashing
NP0002674;NP00026;supplier
NP0003235;NP00032;supplier
NP0003236;NP00032;supplier
NP0003237;NP00032;supplier
NP0003238;NP00032;supplier
NP0003239;NP00032;supplier
NP0003240;NP00032;supplier
NP0003243;NP00032;supplier
NP0003442;NP00034;supplier
7920170AA;7920170;Slaveflashing
NP0002674;NP00026;supplier
NP0003235;NP00032;supplier
NP0003238;NP00032;supplier
NP0003239;NP00032;supplier
NP0003442;NP00034;supplier
NP0003446;NP00034;supplier
NP0003447;NP00034;supplier
7680732AA;7680732;Takt2
NP0003387;NP00033;supplier
7160097AC;7160097;?
7322067AA;7322067;Pré-assemblyTakt4
7331368AA;7331368;Pré-assemblyTakt4
7331406AA;7331406;Takt4
7331444AA;7331444;Pré-assemblyTakt4
7331466AA;7331466;Takt4
7331467AA;7331467;Takt4
7331693AA;7331693;Takt4
7331717AA;7331717;takt4
7331736AA;7331736;Pré-assemblyTakt4
7560876AA;7560876;Takt2
7560900AA;7560900;Takt2
7560916AA;7560916;Slaveflashing
7560919AA;7560919;Takt2
7560930AA;7560930;Takt2
7560931AA;7560931;Takt5
7560950AA;7560950;Takt5
7560957AA;7560957;Takt2
7560966AA;7560966;Pre-assemblytakt0
7560996AA;7560996;Takt4
7560998AA;7560998;Takt4
7560999AA;7560999;Takt4
7561059AA;7561059;Slaveflashing
7561100AA;7561100;Takt5
7561137AA;7561137;Takt5
7561249AA;7561249;takt2
7561432AA;7561432;Takt4
7561435AA;7561435;Takt4
7561439AA;7561439;Takt4
7561454AA;7561454;Takt4
7561588AA;7561588;Takt2
7572317AA;7572317;Takt2
7572318AA;7572318;Takt2
7572319AA;7572319;Takt1
7572329AA;7572329;Takt4
7572330AA;7572330;Takt4
7680012AA;7680012;Pré-assemblytakt2
7680148AA;7680148;Pré-assemblytakt2
7680307AB;7680307;Pré-assemblytakt2
7680543AA;7680543;Takt4
7680626AA;7680626;Takt2
7680755AA;7680755;Takt5
7230642AA;7230642;Takt4
4159903AA;4159903;Takt5
4159915AA;4159915;Takt2
4159909AA;4159909;Takt0
7680134AA;7680134;welding
7680135AA;7680135;welding
7680136AB;7680136;welding
7680137AB;7680137;welding
7680138AB;7680138;welding
7680144AA;7680144;MOD
7680190AA;7680190;MOD
4159944AA;4159944;Pre-assemblytakt0
7331743AA;7331743;
NP0002798;NP00027;
7560876AA;7560876;Takt1
7560929AA;7560929;Pre-assemblytakt0
7560930AA;7560930;Takt1
7572315AA;7572315;Takt1
7572316AA;7572316;Takt1
7680171AA;7680171;Takt0
7710558AA;7710558;Takt0
4159916AA;4159916;Takt2
4159909AA;4159909;Takt0
7680134AA;7680134;welding
7680135AA;7680135;welding
7680136AB;7680136;welding
7680137AB;7680137;welding
7680138AB;7680138;welding
7680144AA;7680144;MOD
7680190AA;7680190;MOD
4159945AA;4159945;Pre-assemblytakt0
7331743AA;7331743;supplier
NP0002766;NP00027;supplier
7560876AA;7560876;Takt1
7560929AA;7560929;Pre-assemblytakt0
7560930AA;7560930;Takt1
7572315AA;7572315;Takt1
7572316AA;7572316;Takt1
7680171AA;7680171;Takt0
7710558AA;7710558;Takt0
4159917AA;4159917;Takt2
4159909AA;4159909;Takt0
7680134AA;7680134;welding
7680135AA;7680135;welding
7680136AB;7680136;welding
7680137AB;7680137;welding
7680138AB;7680138;welding
7680144AA;7680144;MOD
7680190AA;7680190;MOD
4159945AA;4159945;Pre-assemblytakt0
7331743AA;7331743;supplier
NP0002766;NP00027;supplier
7560876AA;7560876;Takt1
7560929AA;7560929;Pre-assemblytakt0
7560930AA;7560930;Takt1
7572315AA;7572315;Takt1
7572316AA;7572316;Takt1
7680171AA;7680171;Takt0
7710558AA;7710558;Takt0
4159918AA;4159918;Takt2
4159909AA;4159909;Takt0
7680134AA;7680134;welding
7680135AA;7680135;welding
7680136AB;7680136;welding
7680137AB;7680137;welding
7680138AB;7680138;welding
7680144AA;7680144;MOD
7680190AA;7680190;MOD
4159944AA;4159944;Pre-assemblytakt0
7331743AA;7331743;supplier
NP0002798;NP00027;supplier
7560876AA;7560876;Takt1
7560929AA;7560929;Pre-assemblytakt0
7560930AA;7560930;Takt1
7572315AA;7572315;Takt1
7572316AA;7572316;Takt1
7680171AA;7680171;Takt0
7710558AA;7710558;Takt0
4159912AA;4159912;Takt2
7572152AA;7572152;Pré-assemblytakt2
NP0002799;NP00027;
NP0002808;NP00028;
7331694AA;7331694;Pré-assemblytakt2
7331695AA;7331695;Pré-assemblytakt2
7680154AA;7680154;Pré-assemblytakt2
NP0002804;NP00028;Pré-assemblytakt2
7560876AA;7560876;Pré-assemblytakt2
7560;7560;Takt2
7572153AA;7572153;Pré-assemblytakt2
NP0002800;NP00028;
NP0002808;NP00028;
7331694AA;7331694;Pré-assemblytakt2
7331695AA;7331695;Pré-assemblytakt2
7680154AA;7680154;Pré-assemblytakt2
NP0002804;NP00028;Pré-assemblytakt2
7560876AA;7560876;Pré-assemblytakt2
4159914AA;4159914;Takt2
7572154AA;7572154;Pré-assemblytakt2
NP0002801;NP00028;supplier
NP0002808;NP00028;supplier
7331694AA;7331694;Pré-assemblytakt2
7331695AA;7331695;Pré-assemblytakt2
7680154AA;7680154;Pré-assemblytakt2
NP0002804;NP00028;Pré-assemblytakt2
7560876AA;7560876;Pré-assemblytakt2
4159937AA;4159937;Takt4
7440605AA;7440605;Pré-assemblytakt4
7561591AA;7561591;Pré-assemblytakt4
4159947AA;4159947;Takt5
7572311AA;7572311;Pré-assemblytakt5
7680718AA;7680718;Pré-assemblytakt5
4155324AA;4155324;Takt4
7621811AA;7621811;E-travers
7621960AA;7621960;E-travers
7622099AA;7622099;E-travers
4155912AA;4155912;
7622668AA;7622668;takt4
7910308AA;7910308;Pré-assemblytakt2
4157312AA;4157312;takt2
7621811AA;7621811;Supplier
7621873AA;7621873;Supplier
7622650AA;7622650;Supplier
7622680AA;7622680;Supplier
7680300AA;7680300;Supplier
7572310AA;7572310;takt1
NP0002806;NP00028;Supplier
7572325AA;7572325;takt2
NP0002818;NP00028;Supplier
7572342AA;7572342;Takt2
NP0002816;NP00028;Supplier
7572343AA;7572343;Slaveflashing
NP0002846;NP00028;Supplier
NP0003231;NP00032;Supplier
7572344AA;7572344;Slaveflashing
NP0002845;NP00028;Supplier
NP0003231;NP00032;Supplier
7920169AA;7920169;Slaveflashing
NP0002674;NP00026;supplier
NP0003235;NP00032;supplier
NP0003236;NP00032;supplier
NP0003237;NP00032;supplier
NP0003238;NP00032;supplier
NP0003239;NP00032;supplier
NP0003240;NP00032;supplier
NP0003243;NP00032;supplier
NP0003442;NP00034;supplier
7680732AA;7680732;Takt2
NP0003387;NP00033;supplier
7160097AC;7160097;?
7322067AA;7322067;Pré-assemblyTakt4
7331368AA;7331368;Pré-assemblyTakt4
7331406AA;7331406;Takt4
7331444AA;7331444;Pré-assemblyTakt4
7331466AA;7331466;Takt4
7331467AA;7331467;Takt4
7331693AA;7331693;Takt4
7331717AA;7331717;takt4
7331736AA;7331736;Pré-assemblyTakt4
7560876AA;7560876;Takt2
7560900AA;7560900;Takt2
7560916AA;7560916;Slaveflashing
7560919AA;7560919;Takt2
7560930AA;7560930;Takt2
7560931AA;7560931;Takt5
7560950AA;7560950;Takt5
7560957AA;7560957;Takt2
7560966AA;7560966;Pre-assemblytakt0
7560996AA;7560996;Takt4
7560998AA;7560998;Takt4
7560999AA;7560999;Takt4
7561059AA;7561059;Slaveflashing
7561100AA;7561100;Takt5
7561137AA;7561137;Takt5
7561249AA;7561249;takt2
7561432AA;7561432;Takt4
7561435AA;7561435;Takt4
7561439AA;7561439;Takt4
7561454AA;7561454;Takt4
7561588AA;7561588;Takt2
7572317AA;7572317;Takt2
7572318AA;7572318;Takt2
7572319AA;7572319;Takt1
7572329AA;7572329;Takt4
7572330AA;7572330;Takt4
7680012AA;7680012;Pré-assemblytakt2
7680148AA;7680148;Pré-assemblytakt2
7680307AB;7680307;Pré-assemblytakt2
7680543AA;7680543;Takt4
7680626AA;7680626;Takt2
7680755AA;7680755;Takt5
7230642AA;7230642;Takt4
4159904AA;4159904;Takt5
4159915AA;4159915;Takt2
4159909AA;4159909;Takt0
7680134AA;7680134;welding
7680135AA;7680135;welding
7680136AB;7680136;welding
7680137AB;7680137;welding
7680138AB;7680138;welding
7680144AA;7680144;MOD
7680190AA;7680190;MOD
4159944AA;4159944;Pre-assemblytakt0
7331743AA;7331743;supplier
NP0002798;NP00027;supplier
7560876AA;7560876;Takt1
7560929AA;7560929;Pre-assemblytakt0
7560930AA;7560930;Takt1
7572315AA;7572315;Takt1
7572316AA;7572316;Takt1
7680171AA;7680171;Takt0
7710558AA;7710558;Takt0
4159916AA;4159916;Takt2
4159909AA;4159909;Takt0
7680134AA;7680134;welding
7680135AA;7680135;welding
7680136AB;7680136;welding
7680137AB;7680137;welding
7680138AB;7680138;welding
7680144AA;7680144;MOD
7680190AA;7680190;MOD
4159945AA;4159945;Pre-assemblytakt0
7331743AA;7331743;supplier
NP0002766;NP00027;supplier
7560876AA;7560876;Takt1
7560929AA;7560929;Pre-assemblytakt0
7560930AA;7560930;Takt1
7572315AA;7572315;Takt1
7572316AA;7572316;Takt1
7680171AA;7680171;Takt0
7710558AA;7710558;Takt0
4159917AA;4159917;Takt2
4159909AA;4159909;Takt0
7680134AA;7680134;welding
7680135AA;7680135;welding
7680136AB;7680136;welding
7680137AB;7680137;welding
7680138AB;7680138;welding
7680144AA;7680144;MOD
7680190AA;7680190;MOD
4159945AA;4159945;Pre-assemblytakt0
7331743AA;7331743;supplier
NP0002766;NP00027;supplier
7560876AA;7560876;Takt1
7560929AA;7560929;Pre-assemblytakt0
7560930AA;7560930;Takt1
7572315AA;7572315;Takt1
7572316AA;7572316;Takt1
7680171AA;7680171;Takt0
7710558AA;7710558;Takt0
4159918AA;4159918;Takt2
4159909AA;4159909;Takt0
7680134AA;7680134;welding
7680135AA;7680135;welding
7680136AB;7680136;welding
7680137AB;7680137;welding
7680138AB;7680138;welding
7680144AA;7680144;MOD
7680190AA;7680190;MOD
4159944AA;4159944;Pre-assemblytakt0
7331743AA;7331743;supplier
NP0002798;NP00027;supplier
7560876AA;7560876;Takt1
7560929AA;7560929;Pre-assemblytakt0
7560930AA;7560930;Takt1
7572315AA;7572315;Takt1
7572316AA;7572316;Takt1
7680171AA;7680171;Takt0
7710558AA;7710558;Takt0
4159911AA;4159911;Takt2
7572266AA;7572266;Pré-assemblytakt2
NP0002802;NP00028;supplier
NP0002808;NP00028;supplier
7331694AA;7331694;Pré-assemblytakt2
7331695AA;7331695;Pré-assemblytakt2
7680154AA;7680154;Pré-assemblytakt2
7560876AA;7560876;Pré-assemblytakt2
4159912AA;4159912;Takt2
7572152AA;7572152;Pré-assemblytakt2
NP0002799;NP00027;supplier
NP0002808;NP00028;supplier
7331694AA;7331694;Pré-assemblytakt2
7331695AA;7331695;Pré-assemblytakt2
7680154AA;7680154;Pré-assemblytakt2
NP0002804;NP00028;Pré-assemblytakt2
7560876AA;7560876;Pré-assemblytakt2
4159913AA;4159913;Takt2
7572153AA;7572153;Pré-assemblytakt2
NP0002800;NP00028;supplier
NP0002808;NP00028;supplier
7331694AA;7331694;Pré-assemblytakt2
7331695AA;7331695;Pré-assemblytakt2
7680154AA;7680154;Pré-assemblytakt2
NP0002804;NP00028;Pré-assemblytakt2
4159919AA;4159919;Takt2
7572152AA;7572152;Pré-assemblytakt2
NP0002799;NP00027;supplier
NP0002808;NP00028;supplier
7331694AA;7331694;Pré-assemblytakt2
7331695AA;7331695;Pré-assemblytakt2
7680154AA;7680154;Pré-assemblytakt2
4159936AA;4159936;Takt4
7440605AA;7440605;Pré-assemblytakt4
7561592AA;7561592;Pré-assemblytakt4
4159947AA;4159947;Takt5
7572311AA;7572311;Pré-assemblytakt5
7680718AA;7680718;Pré-assemblytakt5
4155324AA;4155324;Takt4
7621811AA;7621811;E-travers
7621960AA;7621960;E-travers
7622099AA;7622099;E-travers
4155912AA;4155912;
7622668AA;7622668;takt4
7910308AA;7910308;Pré-assemblytakt2
4157314AA;4157314;takt2
7621811AA;7621811;Supplier
7621873AA;7621873;Supplier
7622650AA;7622650;Supplier
7622680AA;7622680;Supplier
7680300AA;7680300;Supplier
7572287AA;7572287;takt1
NP0002803;NP00028;Supplier
7572310AA;7572310;takt2
NP0002806;NP00028;Supplier
7572324AA;7572324;Takt2
NP0002817;NP00028;Supplier
7572326AA;7572326;Slaveflashing
NP0002815;NP00028;Supplier
NP0002876;NP00028;Supplier
7572343AA;7572343;Slaveflashing
NP0002846;NP00028;Supplier
NP0003231;NP00032;Supplier
7572344AA;7572344;Slaveflashing
NP0002845;NP00028;Supplier
NP0003231;NP00032;Supplier
7920169AA;7920169;Slaveflashing
NP0002674;NP00026;supplier
NP0003235;NP00032;supplier
NP0003236;NP00032;supplier
NP0003237;NP00032;supplier
NP0003238;NP00032;supplier
NP0003239;NP00032;supplier
NP0003240;NP00032;supplier
NP0003243;NP00032;supplier
NP0003442;NP00034;supplier
7680732AA;7680732;Takt2
NP0003387;NP00033;supplier
7160097AC;7160097;?
7322067AA;7322067;Pré-assemblyTakt4
7331368AA;7331368;Pré-assemblyTakt4
7331406AA;7331406;Takt4
7331444AA;7331444;Pré-assemblyTakt4
7331466AA;7331466;Takt4
7331467AA;7331467;Takt4
7331693AA;7331693;Takt4
7331704AA;7331704;takt4
7331717AA;7331717;Pré-assemblyTakt4
7560876AA;7560876;Takt2
7560900AA;7560900;Takt2
7560911AA;7560911;Takt2
7560916AA;7560916;Takt4
7560919AA;7560919;Takt2
7560930AA;7560930;Takt2
7560931AA;7560931;Takt5
7560946AA;7560946;?
7560950AA;7560950;Takt5
7560957AA;7560957;Takt2
7560966AA;7560966;Pre-assemblytakt0
7560996AA;7560996;Takt4
7560998AA;7560998;Takt4
7560999AA;7560999;Takt4
7561059AA;7561059;Slaveflashing
7561072AA;7561072;?
7561100AA;7561100;takt5
7561137AA;7561137;?
7561232AA;7561232;Takt2
7561249AA;7561249;Takt2
7561432AA;7561432;Takt4
7561435AA;7561435;Takt4
7561439AA;7561439;Takt4
7561454AA;7561454;Takt4
7561588AA;7561588;Takt2
7561750AA;7561750;Pré-assemblytakt4
7561759AA;7561759;takt4
7572317AA;7572317;Takt2
7572318AA;7572318;Takt2
7572319AA;7572319;Takt1
7572329AA;7572329;Takt4
7572330AA;7572330;Takt4
7680012AA;7680012;Takt2
7680148AA;7680148;Takt2
7680154AA;7680154;?
7680307AB;7680307;Pré-assemblytakt2
7680543AA;7680543;?
7680626AA;7680626;takt2
7680733AA;7680733;Takt4
7680755AA;7680755;
7990693AA;7990693;Takt4
7230642AA;7230642;Takt4
4159920AA;4159920;takt5
4155103AA;4155103;pré-assemblyTakt5
7571233AA;7571233;pré-assemblyTakt5
7571234AA;7571234;pré-assemblyTakt5
7710475AA;7710475;pré-assemblyTakt5
4155104AA;4155104;pré-assemblyTakt5
7571232AA;7571232;pré-assemblyTakt5
7571233AA;7571233;pré-assemblyTakt5
7710475AA;7710475;pré-assemblyTakt5
7160098AB;7160098;pré-assemblyTakt5
7331370AA;7331370;pré-assemblyTakt5
7571659AA;7571659;pré-assemblyTakt5
7710474AA;7710474;pré-assemblyTakt5
7710476AA;7710476;pré-assemblyTakt5
7990348AA;7990348;pré-assemblyTakt5
4159921AA;4159921;takt5
4155102AA;4155102;pré-assemblyTakt5
7331296AA;7331296;pré-assemblyTakt5
7621554AA;7621554;pré-assemblyTakt5
7680129AA;7680129;pré-assemblyTakt5
7710485AA;7710485;pré-assemblyTakt5
7331296AA;7331296;pré-assemblyTakt5
7571328AA;7571328;pré-assemblyTakt5
7680175AA;7680175;pré-assemblyTakt5
7680176AA;7680176;pré-assemblyTakt5
7680177AA;7680177;pré-assemblyTakt5
7710485AA;7710485;pré-assemblyTakt5
7710568AA;7710568;pré-assemblyTakt5
4159922AA;4159922;takt5
4155102AA;4155102;pré-assemblyTakt5
7331296AA;7331296;pré-assemblyTakt5
7621554AA;7621554;pré-assemblyTakt5
7680129AA;7680129;pré-assemblyTakt5
7710485AA;7710485;pré-assemblyTakt5
7331296AA;7331296;pré-assemblyTakt5
7571328AA;7571328;pré-assemblyTakt5
7680175AA;7680175;pré-assemblyTakt5
7680176AA;7680176;pré-assemblyTakt5
7680177AA;7680177;pré-assemblyTakt5
7710485AA;7710485;pré-assemblyTakt5
7710568AA;7710568;pré-assemblyTakt5
FS0000540;FS00005;takt5
7680181AA;7680181;pré-assemblyTakt5
4155310AA;4155310;Takt4
7621531AA;7621531;Supplier
7621810AA;7621810;Supplier
7621811AA;7621811;Supplier
4159429AA;4159429;takt4
4159430AA;4159430;takt4
4159431AA;4159431;takt4
4159432AA;4159432;takt4
4159433AA;4159433;takt4
4159434AA;4159434;takt4
4159435AA;4159435;takt4
4159436AA;4159436;takt4
4159437AA;4159437;takt4
4159438AA;4159438;takt4
4159439AA;4159439;takt4
4159440AA;4159440;takt4
4159441AA;4159441;takt4
4159442AA;4159442;takt4
4159443AA;4159443;takt4
4159444AA;4159444;takt4
4159445AA;4159445;takt4
4159446AA;4159446;takt4
4159924AA;4159924;takt4
4159925AA;4159925;takt4
4159926AA;4159926;takt4
4159927AA;4159927;takt4
4159928AA;4159928;takt4
4159929AA;4159929;takt4
4159930AA;4159930;takt4
4159938AA;4159938;Takt4
7622105AA;7622105;Salzgitter
7622417AA;7622417;Salzgitter
FS0000523;FS00005;
4159429AA;4159429;Takt4
7621810AA;7621810;Supplier
7621811AA;7621811;Supplier
7622538AA;7622538;Supplier
7680146AA;7680146;Supplier
4159430AA;4159430;takt4
7621810AA;7621810;Supplier
7621811AA;7621811;Supplier
7622538AA;7622538;Supplier
7680146AA;7680146;Supplier
4159431AA;4159431;takt4
7621810AA;7621810;Supplier
7621811AA;7621811;Supplier
7622538AA;7622538;Supplier
7680146AA;7680146;Supplier
4159432AA;4159432;takt4
7621810AA;7621810;Supplier
7621811AA;7621811;Supplier
7622538AA;7622538;Supplier
7680146AA;7680146;Supplier
4159433AA;4159433;takt4
7621810AA;7621810;Supplier
7621811AA;7621811;Supplier
7622538AA;7622538;Supplier
7680146AA;7680146;Supplier
4159434AA;4159434;takt4
7621810AA;7621810;Supplier
7621811AA;7621811;Supplier
7622538AA;7622538;Supplier
7680146AA;7680146;Supplier
4159435AA;4159435;takt4
7621810AA;7621810;Supplier
7621811AA;7621811;Supplier
7622538AA;7622538;Supplier
7680146AA;7680146;Supplier
4159436AA;4159436;takt4
7621810AA;7621810;Supplier
7621811AA;7621811;Supplier
7622538AA;7622538;Supplier
7680146AA;7680146;Supplier
4159437AA;4159437;takt5
7621810AA;7621810;Supplier
7621811AA;7621811;Supplier
7622538AA;7622538;Supplier
7680146AA;7680146;Supplier
4159438AA;4159438;takt4
7621810AA;7621810;Supplier
7621811AA;7621811;Supplier
7622538AA;7622538;Supplier
7680146AA;7680146;Supplier
4159439AA;4159439;takt4
7621810AA;7621810;Supplier
7621811AA;7621811;Supplier
7622538AA;7622538;Supplier
7680146AA;7680146;Supplier
4159440AA;4159440;takt4
7621810AA;7621810;Supplier
7621811AA;7621811;Supplier
7622538AA;7622538;Supplier
7680146AA;7680146;Supplier
4159441AA;4159441;takt4
7621810AA;7621810;Supplier
7621811AA;7621811;Supplier
7622538AA;7622538;Supplier
7680146AA;7680146;Supplier
4159442AA;4159442;takt4
7621810AA;7621810;Supplier
7621811AA;7621811;Supplier
7622538AA;7622538;Supplier
7680146AA;7680146;Supplier
4159443AA;4159443;takt4
7621810AA;7621810;Supplier
7621811AA;7621811;Supplier
7622538AA;7622538;Supplier
7680146AA;7680146;Supplier
4159444AA;4159444;Takt5
7621810AA;7621810;Supplier
7621811AA;7621811;Supplier
7622538AA;7622538;Supplier
7680146AA;7680146;Supplier
4159445AA;4159445;takt4
7621810AA;7621810;Supplier
7621811AA;7621811;Supplier
7622538AA;7622538;Supplier
7680146AA;7680146;Supplier
4159446AA;4159446;takt4
7621810AA;7621810;Supplier
7621811AA;7621811;Supplier
7622538AA;7622538;Supplier
7680146AA;7680146;Supplier
FS0000527;FS00005;
4159924AA;4159924;takt5
7331392AA;7331392;Supplier
7440577AA;7440577;Supplier
7621853AA;7621853;Supplier
7621855AA;7621855;Supplier
7622731AA;7622731;Supplier
7680157AA;7680157;Supplier
4159925AA;4159925;Takt6
7331392AA;7331392;Supplier
7440577AA;7440577;Supplier
7621853AA;7621853;Supplier
7621858AA;7621858;Supplier
7622731AA;7622731;Supplier
7680157AA;7680157;Supplier
4159926AA;4159926;takt6
7331392AA;7331392;Supplier
7440577AA;7440577;Supplier
7621853AA;7621853;Supplier
7621855AA;7621855;Supplier
7622731AA;7622731;Supplier
7680157AA;7680157;Supplier
4159927AA;4159927;Takt6
7331392AA;7331392;Supplier
7440577AA;7440577;Supplier
7621853AA;7621853;Supplier
7621858AA;7621858;Supplier
7622731AA;7622731;Supplier
7680157AA;7680157;Supplier
7230612AA;7230612;Takt6
4159928AA;4159928;Supplier
7331392AA;7331392;Supplier
7440577AA;7440577;Supplier
7621853AA;7621853;Supplier
7622731AA;7622731;Supplier
7680157AA;7680157;Supplier
4159929AA;4159929;Takt5
7331392AA;7331392;Supplier
7440577AA;7440577;Supplier
7621853AA;7621853;Supplier
7621855AA;7621855;Supplier
7622731AA;7622731;Supplier
7680157AA;7680157;Supplier
4159930AA;4159930;Takt6
7331392AA;7331392;Supplier
7440577AA;7440577;Supplier
7621855AA;7621855;Supplier
7622259AA;7622259;Supplier
7622731AA;7622731;Supplier
7680157AA;7680157;Supplier
7560954AA;7560954;Takt5
NP0002660;NP00026;Takt5
7572263AA;7572263;Takt5
NP0002819;NP00028;Takt5
7331466AA;7331466;Takt6
7440553AB;7440553;E-travers
7560659AA;7560659;Takt5
7560900AA;7560900;Takt5
7560911AA;7560911;Takt5
7560931AA;7560931;Takt6
7560948AA;7560948;Takt5
7560949AA;7560949;Takt5
7560950AA;7560950;Takt6
7560951AA;7560951;takt5
7560952AA;7560952;Takt5
7560967AA;7560967;Takt5
7561100AA;7561100;takt6
7561154AA;7561154;takt5
7561308AA;7561308;Takt5
7572690AA;7572690;Takt5
7680157AA;7680157;Takt5
7680181AA;7680181;?
7680182AA;7680182;Takt5
7680191AA;7680191;pré-assemblyTakt5
7680192AA;7680192;pré-assemblyTakt5
7680495AA;7680495;pré-assemblyTakt5
7680654AA;7680654;Takt5
4159906AA;4159906;Takt6
4159910AA;4159910;H3PHOU
4155318AA;4155318;E-travers
7621534AA;7621534;E-travers
7621540AA;7621540;E-travers
7621550AA;7621550;E-travers
7621552AA;7621552;E-travers
7621553AA;7621553;E-travers
7621811AA;7621811;E-travers
7621870AA;7621870;E-travers
7621875AA;7621875;E-travers
7621877AA;7621877;E-travers
7621878AA;7621878;E-travers
7621879AA;7621879;E-travers
7621880AA;7621880;E-travers
7621882AA;7621882;E-travers
7621959AA;7621959;E-travers
7621961AA;7621961;E-travers
7622037AA;7622037;E-travers
7622085AA;7622085;E-travers
7622129AA;7622129;E-travers
7622151AA;7622151;E-travers
7622158AA;7622158;E-travers
7622410AA;7622410;E-travers
7622411AA;7622411;E-travers
7622417AA;7622417;E-travers
7622675AA;7622675;E-travers
7622688AA;7622688;E-travers
7622718AA;7622718;E-travers
7622722AA;7622722;E-travers
7622728AA;7622728;E-travers
7622835AA;7622835;E-travers
7622852AA;7622852;E-travers
7622853AA;7622853;E-travers
7622854AA;7622854;E-travers
7622856AA;7622856;E-travers
7622857AA;7622857;E-travers
7622858AA;7622858;E-travers
7622859AA;7622859;E-travers
7622863AA;7622863;E-travers
7622864AA;7622864;E-travers
7680543AA;7680543;E-travers
7680551AA;7680551;E-travers
7680587AA;7680587;E-travers
4155319AA;4155319;E-travers
7622458AA;7622458;E-travers
7622663AB;7622663;E-travers
7622721AA;7622721;E-travers
7622836AA;7622836;E-travers
7622923AA;7622923;E-travers
7230612AA;7230612;E-travers
4155320AA;4155320;E-travers
7621811AA;7621811;E-travers
7621873AA;7621873;E-travers
7621962AA;7621962;E-travers
7622729AA;7622729;E-travers
7622856AA;7622856;E-travers
7622860AA;7622860;E-travers
7622861AA;7622861;E-travers
7622862AA;7622862;E-travers
7680543AA;7680543;E-travers
7230612AA;7230612;E-travers
4155321AA;4155321;E-travers
7621811AA;7621811;E-travers
7622458AA;7622458;E-travers
7622663AB;7622663;E-travers
7622664AB;7622664;E-travers
7622720AA;7622720;E-travers
7622924AA;7622924;E-travers
4155323AA;4155323;E-travers
7622659AA;7622659;E-travers
7622729AA;7622729;E-travers
7990596AA;7990596;E-travers
7230612AA;7230612;E-travers
7572345AA;7572345;E-travers
NP0002843;NP00028;E-travers
7920171AA;7920171;E-travers
NP0002709;NP00027;E-travers
NP0002887;NP00028;E-travers
NP0002878;NP00028;E-travers
NP0002877;NP00028;E-travers
NP0002998;NP00029;E-travers
NP0002999;NP00029;E-travers
NP0003000;NP00030;E-travers
NP0003001;NP00030;E-travers
NP0003002;NP00030;E-travers
NP0003004;NP00030;E-travers
7160099AC;7160099;E-travers
7331341AA;7331341;E-travers
7331343AA;7331343;E-travers
7331365AA;7331365;E-travers
7331371AA;7331371;E-travers
7331466AA;7331466;E-travers
7331467AA;7331467;E-travers
7331640AA;7331640;E-travers
7440553AB;7440553;E-travers
7440554AB;7440554;E-travers
7560876AA;7560876;E-travers
7560892AA;7560892;E-travers
7560909AA;7560909;E-travers
7560918AA;7560918;E-travers
7560919AA;7560919;E-travers
7560930AA;7560930;E-travers
7560931AA;7560931;E-travers
7560933AA;7560933;E-travers
7560937AA;7560937;E-travers
7560944AA;7560944;E-travers
7560946AA;7560946;E-travers
7560950AA;7560950;E-travers
7560963AA;7560963;E-travers
7560964AA;7560964;E-travers
7560990AA;7560990;E-travers
7561232AA;7561232;E-travers
7561474AA;7561474;E-travers
7571321AA;7571321;E-travers
7571329AA;7571329;E-travers
7571331AA;7571331;E-travers
7571958AA;7571958;E-travers
7621886AA;7621886;E-travers
7621887AA;7621887;E-travers
7621888AA;7621888;E-travers
7621890AA;7621890;E-travers
7621891AA;7621891;E-travers
7621892AA;7621892;E-travers
7622359AA;7622359;E-travers
7680160AA;7680160;E-travers
7680288AA;7680288;E-travers
7680431AA;7680431;E-travers
7680582AA;7680582;E-travers
7710570AA;7710570;E-travers
7990357AA;7990357;E-travers
7990360AA;7990360;E-travers
7990391AA;7990391;E-travers
7990392AA;7990392;E-travers
7990487AA;7990487;E-travers
7990594AA;7990594;E-travers
7230634AA;7230634;E-travers
4159923AA;4159923;H3PHOU
7160099AC;7160099;H3PHOU
7331365AA;7331365;H3PHOU
7331690AA;7331690;H3PHOU
7560895AA;7560895;H3PHOU
7560911AA;7560911;H3PHOU
7560925AA;7560925;H3PHOU
7561308AA;7561308;H3PHOU
7561613AA;7561613;H3PHOU
7572695AA;7572695;H3PHOU
7680653AA;7680653;H3PHOU
7990487AA;7990487;H3PHOU
4155308AA;4155308;H3PHOU
7621821AA;7621821;tobeexternalize
7621868AA;7621868;tobeexternalize
7680587AA;7680587;tobeexternalize
4155309AA;4155309;H3PHOU
7621553AA;7621553;tobeexternalize
7622390AA;7622390;tobeexternalize
7680595AA;7680595;tobeexternalize
7572236AA;7572236;H3PHOU
NP0002810;NP00028;Supplier
NP0002809;NP00028;Supplier
NP0002759;NP00027;Supplier
NP0002761;NP00027;Supplier
NP0002856;NP00028;Supplier
NP0002763;NP00027;Supplier
NP0002762;NP00027;Supplier
NP0002764;NP00027;Supplier
NP0002765;NP00027;Supplier
7680639AA;7680639;H3PHOU
NP0002847;NP00028;Supplier
7680641AA;7680641;H3PHOU
NP0002858;NP00028;Supplier
7680642AA;7680642;H3PHOU
NP0002859;NP00028;Supplier
7160099AC;7160099;?
7221153AA;7221153;?
7331365AA;7331365;H3PHOU
7331372AA;7331372;H3PHOU
7331373AA;7331373;H3PHOU
7331467AA;7331467;H3PHOU
7331716AA;7331716;H3PHOU
7411566AA;7411566;H3PHOU
7560876AA;7560876;Takt6
7560891AA;7560891;Takt6?
7560892AA;7560892;H3PHOU
7560895AA;7560895;H3PHOU
7560898AA;7560898;H3PHOU
7560899AA;7560899;Takt8
7560900AA;7560900;H3PHOU
7560909AA;7560909;H3PHOU
7560911AA;7560911;H3PHOU
7560918AA;7560918;H3PHOU
7560930AA;7560930;Takt6
7560931AA;7560931;H3PHOU
7560941AA;7560941;H3PHOU
7560948AA;7560948;Takt6
7560950AA;7560950;Takt8
7560955AA;7560955;H3PHOU
7560956AA;7560956;H3PHOU
7560957AA;7560957;H3PHOU
7560958AA;7560958;H3PHOU
7560963AA;7560963;H3PHOU
7560964AA;7560964;H3PHOU
7561100AA;7561100;Takt8
7561237AA;7561237;H3PHOU
7561590AA;7561590;H3PHOU
7561629AB;7561629;H3PHOU
7561827AA;7561827;H3PHOU
7561848AA;7561848;H3PHOU
7571333AA;7571333;H3PHOU
7571958AA;7571958;H3PHOU
7621903AA;7621903;H3PHOU
7621905AA;7621905;H3PHOU
7680126AA;7680126;H3PHOU
7680156AA;7680156;H3PHOU
7680157AA;7680157;H3PHOU
7680158AA;7680158;H3PHOU
7680159AA;7680159;H3PHOU
7680188AA;7680188;H3PHOU
7680662AA;7680662;H3PHOU
7710550AA;7710550;H3PHOU
7710570AA;7710570;H3PHOU
7990355AA;7990355;H3PHOU
7990356AA;7990356;H3PHOU
7990393AA;7990393;H3PHOU
7990394AA;7990394;H3PHOU
7990395AA;7990395;H3PHOU
7990396AA;7990396;H3PHOU
7990397AA;7990397;H3PHOU
7990626AA;7990626;H3PHOU
7990649AA;7990649;H3PHOU
7221116AA;7221116;H3PHOU
7221117AB;7221117;H3PHOU
7221118AA;7221118;H3PHOU
7221119AA;7221119;H3PHOU
7221122AB;7221122;H3PHOU
7221171AA;7221171;H3PHOU
7230528AA;7230528;Takt8
7230564AB;7230564;?
7230627AA;7230627;H3PHOU
4159931AA;4159931;Takt6
7440555AA;7440555;Takt6
7572112AA;7572112;Takt6
NP0002665;NP00026;H3PHOU
7221218AA;7221218;Supplier
7331524AA;7331524;?
7331528AA;7331528;?
7440578AA;7440578;Takt8
7550282AA;7550282;?
7560874AA;7560874;?
7560902AA;7560902;?
7560924AA;7560924;?
7560960AA;7560960;Takt6
7560961AA;7560961;Takt6
7560962AA;7560962;H3PHOU
7561187AA;7561187;?
7561189AA;7561189;?
7561476AA;7561476;Takt6
7561594AA;7561594;?
7561823AA;7561823;Takt5
7561824AA;7561824;Takt5
7561825AA;7561825;Takt5
7561826AA;7561826;Takt5
7561904AA;7561904;?
7571336AA;7571336;Takt6
7680189AA;7680189;H3PHOU
7680756AA;7680756;?
7710571AA;7710571;Takt8
7221309AA;7221309;Takt9
7230546AA;7230546;Takt8
