Part number;Supplier
7130049AA;SGT
7130067AA;433566
7130068AA;433566
7130070AA;SGT
7160097AC;SGT
7160098AB;SGT
7160099AC;SGT
7160112AA;434146
7210692AA;412480
7221116AA;SGT
7221117AB;SGT
7221118AA;SGT
7221119AA;SGT
7221122AB;SGT
7221153AA;SGT
7221158AB;SGT
7221171AA;SGT
7221176AA;SGT
7221218AA;SGT
7221250AA;434033
7221251AA;434033
7221252AA;434033
7221253AA;434033
7221254AA;434033
7221255AA;434033
7221256AA;434033
7221257AA;434033
7221258AA;434033
7221259AA;434033
7221260AA;434033
7221282AA;434033
7221283AA;434033
7221284AA;434033
7221285AA;434033
7221286AA;434033
7221287AA;434033
7221309AA;SGT
7221329AA;434033
7221345AA;434033
7221358AA;434033
7221371AA;SGT
7221374AA;434033
7221376AA;434033
7221377AA;434033
7221378AA;434033
7221389AA;SGT
7221390AA;SGT
7221391AA;SGT
7221392AA;SGT
7221393AA;SGT
7230528AA;SGT
7230546AA;SGT
7230564AB;SGT
7230612AA;SGT
7230627AA;SGT
7230634AA;SGT
7230642AA;SGT
7230657AA;434181
7230665AA;412272
7230666AA;412272
7230667AA;430235
7230668AA;401721
7230669AA;431057
7230670AA;412272
7322067AA;SGT
7322146AA;430235
;431057
7322156AA;430235
;431057
7331296AA;SGT
7331341AA;SGT
7331343AA;SGT
7331365AA;SGT
7331368AA;SGT
7331370AA;SGT
7331371AA;SGT
7331372AA;SGT
7331373AA;SGT
7331392AA;SGT
7331406AA;SGT
7331444AA;SGT
7331466AA;SGT
7331467AA;SGT
7331524AA;SGT
7331528AA;SGT
7331640AA;SGT
7331678AA;404482
7331678AB;404482
7331690AA;SGT
7331693AA;SGT
7331694AA;SGT
7331695AA;SGT
7331701AA;434146
7331704AA;SGT
7331707AA;431779
7331715AA;430235
7331716AA;SGT
7331717AA;SGT
7331736AA;SGT
7331741AA;431779
7331741AB;431779
7331833AA;404482
7331850AA;430235
7331892AA;404482
7331893AA;404482
7331894AA;404482
7331961AA;434356
7331994AA;429747
7411566AA;431779
;SGT
7411574AA;412272
7440553AB;SGT
7440554AB;SGT
7440555AA;SGT
7440577AA;SGT
7440578AA;SGT
7440605AA;SGT
7440781AA;432755
7440782AA;432755
7440798AA;432755
7440799AA;432755
7440800AA;432755
7450096AA;430235
7550282AA;SGT
7560659AA;SGT
7560874AA;SGT
7560876AA;SGT
7560891AA;SGT
7560892AA;SGT
7560895AA;SGT
7560898AA;SGT
7560899AA;SGT
7560900AA;SGT
7560902AA;SGT
7560909AA;SGT
7560911AA;SGT
7560916AA;SGT
7560918AA;SGT
7560919AA;SGT
7560924AA;SGT
7560925AA;SGT
7560929AA;SGT
7560930AA;SGT
7560931AA;SGT
7560933AA;SGT
7560937AA;SGT
7560938AA;SGT
7560941AA;SGT
7560944AA;SGT
7560946AA;SGT
7560947AA;SGT
7560948AA;SGT
7560949AA;SGT
7560950AA;SGT
7560951AA;SGT
7560952AA;SGT
7560954AA;SGT
7560955AA;SGT
7560956AA;SGT
7560957AA;SGT
7560958AA;SGT
7560960AA;SGT
7560961AA;SGT
7560962AA;SGT
7560963AA;SGT
7560964AA;SGT
7560966AA;SGT
7560967AA;SGT
7560990AA;SGT
7560996AA;SGT
7560998AA;SGT
7560999AA;SGT
7561059AA;SGT
7561072AA;SGT
7561100AA;SGT
7561137AA;SGT
7561154AA;SGT
7561187AA;SGT
7561189AA;SGT
7561232AA;SGT
7561237AA;SGT
7561249AA;SGT
7561308AA;SGT
7561432AA;SGT
7561435AA;SGT
7561439AA;SGT
7561442AA;SGT
7561454AA;SGT
7561474AA;SGT
7561476AA;SGT
7561544AA;404482
;426909
7561544AB;404482
7561544TA;426909
7561545AA;404482
;426909
7561545AB;404482
7561545TA;426909
7561588AA;SGT
7561590AA;SGT
7561591AA;SGT
7561592AA;SGT
7561594AA;SGT
7561613AA;SGT
7561615AA;430235
7561629AB;SGT
7561656AA;430235
7561657AA;430235
7561738AA;430235
7561739AA;412519
;430235
7561741AA;430235
7561742AA;430235
7561750AA;SGT
7561759AA;SGT
7561780AA;430235
7561783AA;430235
7561823AA;SGT
7561824AA;SGT
7561825AA;SGT
7561826AA;SGT
7561827AA;SGT
7561835AB;432537
7561836AA;430235
7561837AA;430235
7561840AA;430235
7561848AA;SGT
7561849AA;430235
7561858AA;430235
7561880AA;430235
7561890AA;430235
7561898AA;430235
7561899AA;430235
7561902AB;430235
7561903AA;430235
7561904AA;SGT
7561906AA;SGT
7561924AA;SGT
7561925AA;SGT
7561926AA;SGT
7561928AA;SGT
7561963AA;430235
7561966AA;430235
7562024AA;SGT
7562026AA;SGT
7562041AA;430235
7562045AA;SGT
7562057AA;SGT
7571232AA;SGT
7571233AA;SGT
7571234AA;SGT
7571321AA;SGT
7571328AA;SGT
7571329AA;SGT
7571331AA;SGT
7571333AA;SGT
7571336AA;SGT
7571659AA;SGT
7571958AA;SGT
7572112AA;SGT
7572152AA;SGT
7572153AA;SGT
7572154AA;SGT
7572162AA;433443
7572163AA;430234
;433443
7572163AB;430234
7572214AB;432537
7572217AA;433286
7572219AA;430196
7572236AA;SGT
7572241AB;432537
7572242AC;432537
7572263AA;SGT
7572266AA;SGT
7572287AA;SGT
7572310AA;SGT
7572311AA;SGT
7572315AA;SGT
7572316AA;SGT
7572317AA;SGT
7572318AA;SGT
7572319AA;SGT
7572324AA;SGT
7572325AA;SGT
7572326AA;SGT
7572327AA;SGT
7572329AA;SGT
7572330AA;SGT
7572342AA;SGT
7572343AA;SGT
7572344AA;SGT
7572345AA;SGT
7572346AB;433499
7572347AB;433499
7572348AB;427238
7572349AB;427238
7572351AA;102052
7572432AA;404482
7572690AA;SGT
7572695AA;SGT
7572704AA;432537
7572790AA;430196
7572791AA;430196
7572792AA;433645
7572793AA;433499
7572858AA;431221
7572859AA;431221
7572860AA;431221
7572862AA;431221
7572863AA;431221
7572879AA;431221
7572880AA;432537
7572881AA;431221
7572882AA;431221
7572884AA;431221
7572942AA;430235
7572966AA;432537
7573030AA;431221
7573032AA;431221
7573033AA;431221
7573034AA;431221
7573035AA;431221
7573037AA;431221
7573038AA;431221
7573040AA;434248
7573150AA;431221
7573252AA;432537
7573332AA;429747
7573344AA;432537
7573345AA;429663
7621553AA;SGT
7621554AA;SGT
7621811AA;SGT
7621821AA;SGT
7621853AA;SGT
7621855AA;SGT
7621858AA;SGT
7621868AA;SGT
7621886AA;SGT
7621887AA;SGT
7621888AA;SGT
7621890AA;SGT
7621891AA;SGT
7621892AA;SGT
7621903AA;SGT
7621905AA;SGT
7621960AA;SGT
7622099AA;SGT
7622105AA;SGT
7622149AA;SGT
7622259AA;SGT
7622301AA;SGT
7622315AA;SGT
7622318AA;SGT
7622319AA;SGT
7622322AA;SGT
7622359AA;SGT
7622390AA;SGT
7622417AA;SGT
7622668AA;SGT
7622685AA;433699
7622686AA;433699
7622715AB;432520
;432544
7622716AC;432520
7622717AD;432520
7622731AA;SGT
7622733AC;432520
7622734AC;432520
7622735AB;432520
7622736AC;432520
7622737AC;432520
7622765AB;432520
;432544
7622772AC;432520
7622773AC;432520
7622774AC;432520
7622775AC;432520
7622776AC;432520
7622777AC;432520
7622778AB;432520
7622779AC;432520
7622780AB;432520
7622781AB;432520
7622782AD;432520
7622783AB;432520
7622784AB;432520
7622785AB;432520
7622786AB;432520
7622787AB;432520
7622811AA;412480
7622812AA;412480
7622813AB;432520
7622840AA;SGT
7622845AA;SGT
7622901AA;432520
7622902AA;432520
7622903AA;432520
7622904AA;432520
7622905AA;432520
7622906AA;432520
7622907AA;432520
7622908AA;432520
7622909AA;432520
7622910AA;432520
7622911AA;432520
7622912AA;432520
7622936AA;432544
7622937AA;432544
7622939AA;432544
7622943AA;432520
;432544
7622961AA;432544
7622962AA;432544
7622963AA;432544
7622964AA;432544
7622965AA;432544
7622966AB;432544
7622967AA;432544
7622968AA;432544
7622969AA;432544
7622970AB;432520
;432544
7622971AB;432520
;432544
7622972AB;432520
;432544
7622974AB;432520
;432544
7622975AA;432544
7622976AA;432544
7622977AA;432544
7622978AA;432544
7622979AA;432544
7622980AA;432544
7622981AA;432520
7623061AA;434248
7623062AA;434248
7623063AA;434248
7623065AA;434248
7623073AA;434248
7623082AA;434248
7623083AA;434248
7623084AA;434248
7670042AA;433645
7680012AA;SGT
7680126AA;SGT
7680129AA;SGT
7680148AA;SGT
7680154AA;SGT
7680156AA;SGT
7680157AA;SGT
7680158AA;SGT
7680159AA;SGT
7680160AA;SGT
7680171AA;SGT
7680175AA;SGT
7680176AA;SGT
7680177AA;SGT
7680181AA;SGT
7680182AA;SGT
7680188AA;SGT
7680189AA;SGT
7680191AA;SGT
7680192AA;SGT
7680288AA;SGT
7680290AC;SGT
7680307AB;SGT
7680431AA;SGT
7680495AA;SGT
7680543AA;SGT
7680582AA;SGT
7680587AA;SGT
7680595AA;SGT
7680598AA;430197
7680599AA;430976
7680600AB;433699
7680600AC;433699
7680601AA;430907
;433699
7680602AA;430907
;433699
7680604AA;433699
7680605AA;433699
7680606AA;433699
7680607AA;433699
7680608AA;433699
7680609AA;433699
7680610AA;433699
7680611AA;433699
7680613AA;433699
7680626AA;SGT
7680633AA;431789
7680639AA;SGT
7680641AA;SGT
7680642AA;SGT
7680653AA;SGT
7680654AA;SGT
7680657AA;429887
7680662AA;SGT
7680717AB;SGT
7680718AA;SGT
7680732AA;SGT
7680733AA;SGT
7680736AA;433699
7680737AA;433699
7680738AA;433699
7680739AB;433699
7680740AB;431789
7680741AA;433699
7680742AA;433699
7680743AA;433699
7680744AA;433699
7680745AB;433699
7680747AA;433699
7680748AA;433699
7680749AA;433699
7680755AA;SGT
7680756AA;SGT
7680759AA;433699
7680760AA;433699
7680764AA;434237
7680765AA;434237
7680766AA;430235
;434237
7680776AA;SGT
7680781AA;SGT
7680791AA;412272
;430242
7710474AA;SGT
7710475AA;SGT
7710476AA;SGT
7710485AA;SGT
7710550AA;SGT
7710558AA;SGT
7710568AA;SGT
7710570AA;SGT
7710571AA;SGT
7710683AA;434227
7710683AB;100061
7710687AA;100061
7710689AA;434227
7710689AB;100061
7710690AA;434227
7710690AB;100061
7710696AB;100061
7710710AA;434227
7710711AA;434227
7730173AA;434227
7730173AB;100061
7730174AA;434227
7730174AB;100061
7730175AA;434227
7730175AB;100061
7910308AA;SGT
7910365AA;SGT
7920169AA;SGT
7920170AA;SGT
7920171AA;SGT
7920200AA;429894
7920239AG;433768
7920243AB;433768
7920244AB;433768
7920245AB;433768
7990348AA;SGT
7990355AA;SGT
7990356AA;SGT
7990357AA;SGT
7990360AA;SGT
7990391AA;SGT
7990392AA;SGT
7990393AA;SGT
7990394AA;SGT
7990395AA;SGT
7990396AA;SGT
7990397AA;SGT
7990487AA;SGT
7990594AA;SGT
7990626AA;SGT
7990638AB;429782
7990639AA;430299
7990649AA;SGT
7990693AA;SGT
7990696AA;429887
7990697AA;429887
7990699AA;411640
7990700AB;430299
7990705AA;431956
7990720AA;433699
7990723AA;431956
7990728AA;430201
7990729AA;430201
7990730AA;430201
7990731AA;429869
7990732AA;429869
